i1	i2	count
TATGGCAC	TGTTCCGT	88571
TGTTCCGT	TATGGCAC	85536
TACCGGAT	CTCTGGAT	20269
GATCAAGG	TCTTCGAC	18138
CTAGCTCA	TCGACAAG	14841
CTCTGGAT	TACCGGAT	14152
TACCGGAT	TCTTCGAC	13576
TCTTCGAC	TACCGGAT	10986
TCGACAAG	ATCATGCG	7836
CGGTAATC	TACCGGAT	7265
GTCCTAAG	TATGGCAC	7066
CTCTGGAT	TCTTCGAC	6129
TCTTCGAC	CTCTGGAT	5933
TACCGGAT	TCGAGAGT	5863
TACCGGAT	TGTTCCGT	5737
TACCGGAT	CTAGCTCA	5282
CTAGCTCA	TACCGGAT	4738
TACCGGAT	TAGCCATG	4661
TATGGCAC	TACCGGAT	4625
TGTTCCGT	TACCGGAT	4606
TACCGGAT	TATGGCAC	4603
TCTTCGAC	ATCGTGGT	4468
TATGGCAC	TCTTCGAC	4277
CTAGCTCA	CTCTGGAT	3996
TCGAGAGT	TACCGGAT	3632
TACCGGAT	ATCGTGGT	3453
CTCTGGAT	CTAGCTCA	3445
CACTTCAC	TAGCCATG	3205
TCTTCGAC	TGTTCCGT	3200
TACCGGAT	GTCCTAAG	3170
TCTTCGAC	CTAGCTCA	3013
TACCGGAT	ACGATCAG	2928
TACCGGAT	CGGTAATC	2913
CTAGCTCA	TCTTCGAC	2907
TACCGGAT	AGAGTCCA	2906
TCTTCGAC	TATGGCAC	2865
TAGCCATG	TACCGGAT	2851
TCTTCGAC	TCGAGAGT	2779
TACCGGAT	AGGATAGC	2734
TGTTCCGT	TCTTCGAC	2719
AGAGTCCA	TACCGGAT	2707
TACCGGAT	ATCATGCG	2665
CTCTGGAT	TGTTCCGT	2652
AACAGCGA	TACCGGAT	2578
ATCATGCG	TACCGGAT	2521
CTCTGGAT	GCTACTCT	2491
CTCTGGAT	TCGAGAGT	2379
GTCCTAAG	TACCGGAT	2326
ACGATCAG	TACCGGAT	2271
TACCGGAT	AACAGCGA	2269
AGGATAGC	TACCGGAT	2227
TACCGGAT	GTAGCGTA	2217
TACCGGAT	GATCAAGG	2203
AACAGCGA	TCTTCGAC	2178
CTCTGGAT	CGATCGAT	2171
AGGATAGC	TCTTCGAC	2149
TCTTCGAC	AGGATAGC	2140
TACCGGAT	CGATCGAT	2118
ATCGTGGT	TACCGGAT	2090
CGATCGAT	TACCGGAT	2046
CTCTGGAT	AGAGTCCA	2037
TCGAGAGT	TCTTCGAC	2011
GTAGCGTA	TACCGGAT	1975
TGTTCCGT	CTCTGGAT	1941
TCTTCGAC	GATCAAGG	1934
TACCGGAT	TCGGATTC	1922
ATCATGCG	TCTTCGAC	1858
TCGAGAGT	CTCTGGAT	1857
CTAGCTCA	ATCATGCG	1851
GCTACTCT	TACCGGAT	1846
CTAGCTCA	GCTACTCT	1829
TCTTCGAC	ACGATCAG	1807
TACCGGAT	GCTACTCT	1798
CTCTGGAT	TATGGCAC	1742
TCTTCGAC	TAGCCATG	1719
AGAGTCCA	TCTTCGAC	1660
GATCAAGG	TACCGGAT	1650
TCTTCGAC	TCGGATTC	1643
TCTTCGAC	AGAGTCCA	1619
TAGCCATG	TCTTCGAC	1611
TATGGCAC	CTCTGGAT	1574
GTAGCGTA	GCTACTCT	1532
TCTTCGAC	ATCATGCG	1520
ATCATGCG	CTCTGGAT	1513
TACCGGAT	CACTTCAC	1434
TACCGGAT	GATCTTGC	1427
CTCTGGAT	ACGATCAG	1401
ATCGTGGT	TCTTCGAC	1391
TCTTCGAC	GTCCTAAG	1381
AGAGTCCA	CTAGCTCA	1359
CTCTGGAT	GTCCTAAG	1359
ACGATCAG	TCTTCGAC	1352
GTAGCGTA	TCTTCGAC	1351
ATCGTGGT	CTCTGGAT	1349
GTCCTAAG	TCTTCGAC	1345
TCTTCGAC	GTAGCGTA	1326
CGGTAATC	TCTTCGAC	1316
CTCTGGAT	ATCATGCG	1308
TCGGATTC	TCTTCGAC	1307
CGATCGAT	CTCTGGAT	1304
AACAGCGA	CTCTGGAT	1292
CTCTGGAT	TAGCCATG	1277
CTCTGGAT	ATCGTGGT	1257
CTAGCTCA	TCGAGAGT	1256
AGAGTCCA	CTCTGGAT	1255
CTAGCTCA	AGAGTCCA	1253
CTAGCTCA	TGTTCCGT	1247
CTAGCTCA	GTAGCGTA	1242
TACCGGAT	TCGACAAG	1237
TCTTCGAC	CGGTAATC	1234
CTCTGGAT	AGGATAGC	1211
GCTACTCT	CTCTGGAT	1195
TCTTCGAC	CGATCGAT	1187
TCGGATTC	TACCGGAT	1173
CTCTGGAT	GTAGCGTA	1165
CGATCGAT	TCTTCGAC	1160
GTCCTAAG	CTCTGGAT	1151
TCGAGAGT	TGTTCCGT	1126
GCTACTCT	TCTTCGAC	1122
TGTTCCGT	CTAGCTCA	1116
AGAGTCCA	TCGAGAGT	1115
TAGCCATG	CTCTGGAT	1106
AGGATAGC	CTCTGGAT	1100
TCTTCGAC	GCTACTCT	1090
TGTTCCGT	TCGAGAGT	1090
TCTTCGAC	AACAGCGA	1079
ACGATCAG	CTCTGGAT	1060
AGAGTCCA	GTAGCGTA	1058
TCTTCGAC	TCGACAAG	1053
TCGGATTC	AACAGCGA	1047
CACTTCAC	TACCGGAT	1043
TCTTCGAC	GATCTTGC	1042
CTCTGGAT	AACAGCGA	1033
GTAGCGTA	CTAGCTCA	1014
CTCTGGAT	CGGTAATC	1010
AGGATAGC	GTAGCGTA	996
TATGGCAC	TCGGATTC	991
GTCCTAAG	TGTTCCGT	990
CTAGCTCA	TAGCCATG	977
CTAGCTCA	TATGGCAC	977
GTAGCGTA	CTCTGGAT	965
TATGGCAC	TCGAGAGT	958
TCGACAAG	TACCGGAT	957
TCTTCGAC	CACTTCAC	951
CACTTCAC	TCTTCGAC	938
TGTTCCGT	TCGGATTC	920
ATCATGCG	TAGCCATG	917
TATGGCAC	CTAGCTCA	906
AGAGTCCA	TGTTCCGT	889
TAGCCATG	CTAGCTCA	877
CTAGCTCA	ACGATCAG	851
ATCATGCG	CTAGCTCA	848
TGTTCCGT	AGAGTCCA	845
TCGAGAGT	CTAGCTCA	829
GTAGCGTA	ACGATCAG	826
CTCTGGAT	GATCAAGG	819
GCTACTCT	CTAGCTCA	814
TGTTCCGT	AACAGCGA	791
GATCTTGC	TACCGGAT	790
ATCATGCG	TATGGCAC	788
AGGATAGC	CTAGCTCA	783
ATCATGCG	ACGATCAG	782
TCGACAAG	TCTTCGAC	782
GTAGCGTA	TCGAGAGT	776
GATCAAGG	CTCTGGAT	775
CTCTGGAT	TCGGATTC	770
CGGTAATC	CTCTGGAT	766
TATGGCAC	GTCCTAAG	759
AACAGCGA	CTAGCTCA	755
GATCTTGC	TCTTCGAC	755
CTAGCTCA	GTCCTAAG	736
ATCATGCG	TGTTCCGT	734
TAGCCATG	TGTTCCGT	724
TGTTCCGT	ATCATGCG	718
GCTACTCT	TGTTCCGT	709
CTAGCTCA	AGGATAGC	704
AGGATAGC	TGTTCCGT	698
AACAGCGA	ATCATGCG	688
CTCTGGAT	CACTTCAC	685
AGGATAGC	TATGGCAC	683
TATGGCAC	AGGATAGC	675
ACGATCAG	CTAGCTCA	665
GTCCTAAG	CTAGCTCA	664
AGGATAGC	AGAGTCCA	662
TATGGCAC	AACAGCGA	661
AGAGTCCA	ACGATCAG	660
CACTTCAC	CTCTGGAT	660
TCGAGAGT	ACGATCAG	655
AACAGCGA	TGTTCCGT	653
GCTACTCT	GTAGCGTA	651
CTCTGGAT	GATCTTGC	646
TCGAGAGT	GCTACTCT	637
ATCATGCG	GTCCTAAG	636
TGTTCCGT	TAGCCATG	633
AACAGCGA	GATCTTGC	628
AACAGCGA	AGAGTCCA	625
ATCATGCG	AGAGTCCA	621
CTAGCTCA	AACAGCGA	620
TCGGATTC	CTCTGGAT	619
ATCGTGGT	GATCAAGG	617
TATGGCAC	TAGCCATG	610
GTAGCGTA	TGTTCCGT	608
AGAGTCCA	AGGATAGC	606
CTAGCTCA	CGATCGAT	599
ATCATGCG	ATCGTGGT	598
TGTTCCGT	AGGATAGC	584
ATCATGCG	AGGATAGC	582
ACGATCAG	TGTTCCGT	579
TGTTCCGT	GTAGCGTA	575
TATGGCAC	ACGATCAG	574
AGGATAGC	TCGAGAGT	570
CTCTGGAT	TCGACAAG	570
TGTTCCGT	ACGATCAG	568
GATCAAGG	ACGATCAG	567
ATCGTGGT	TCGAGAGT	562
TAGCCATG	TCGAGAGT	556
CTAGCTCA	ATCGTGGT	554
AACAGCGA	ACGATCAG	553
AGAGTCCA	TATGGCAC	551
AGGATAGC	GATCTTGC	549
ATCATGCG	GATCAAGG	549
AACAGCGA	AGGATAGC	541
ATCATGCG	AACAGCGA	540
GTAGCGTA	AGAGTCCA	537
TATGGCAC	AGAGTCCA	534
AGGATAGC	ACGATCAG	531
TGTTCCGT	CGATCGAT	527
TAGCCATG	TATGGCAC	521
TCGAGAGT	AGAGTCCA	516
ACGATCAG	TAGCCATG	515
ACGATCAG	AGAGTCCA	511
CTAGCTCA	GATCAAGG	511
ACGATCAG	TCGAGAGT	510
AGGATAGC	ATCATGCG	509
CGGTAATC	CTAGCTCA	509
TCGAGAGT	ATCGTGGT	509
AACAGCGA	TCGAGAGT	508
ACGATCAG	GTCCTAAG	508
CGATCGAT	TGTTCCGT	504
TGTTCCGT	ATCGTGGT	499
ATCATGCG	TCGAGAGT	497
TCGAGAGT	AGGATAGC	494
AACAGCGA	GTAGCGTA	492
GCTACTCT	AGAGTCCA	492
TGTTCCGT	GCTACTCT	487
TCGAGAGT	TATGGCAC	483
AACAGCGA	TATGGCAC	482
AGAGTCCA	AACAGCGA	481
AGAGTCCA	ATCATGCG	478
TATGGCAC	CACTTCAC	474
ATCGTGGT	TGTTCCGT	473
ATCGTGGT	CTAGCTCA	472
TATGGCAC	ATCATGCG	472
GCTACTCT	TCGAGAGT	470
TAGCCATG	AGAGTCCA	466
CGATCGAT	CTAGCTCA	463
TGTTCCGT	GTCCTAAG	462
GTCCTAAG	AACAGCGA	461
AGAGTCCA	TAGCCATG	459
ACGATCAG	TATGGCAC	454
TAGCCATG	ATCATGCG	453
GTCCTAAG	ACGATCAG	451
GTCCTAAG	TAGCCATG	451
TCGACAAG	CTCTGGAT	449
AACAGCGA	ATCGTGGT	448
GATCAAGG	ATCGTGGT	448
GATCAAGG	CTAGCTCA	448
TAGCCATG	ACGATCAG	441
GTCCTAAG	GATCAAGG	437
ACGATCAG	ATCATGCG	433
CTAGCTCA	TCGGATTC	431
CTAGCTCA	CGGTAATC	430
TCGAGAGT	TAGCCATG	428
TAGCCATG	GTCCTAAG	426
TCGGATTC	TATGGCAC	424
CTAGCTCA	GATCTTGC	422
GATCAAGG	GTCCTAAG	421
GTCCTAAG	ATCATGCG	419
GATCAAGG	TGTTCCGT	417
ACGATCAG	AGGATAGC	415
GTAGCGTA	GTCCTAAG	415
AGGATAGC	GCTACTCT	413
GTCCTAAG	AGAGTCCA	409
AGAGTCCA	GTCCTAAG	407
TCGGATTC	CTAGCTCA	407
TATGGCAC	GATCTTGC	404
TGTTCCGT	GATCAAGG	400
CGGTAATC	TGTTCCGT	399
TAGCCATG	GATCAAGG	398
GATCAAGG	TAGCCATG	397
GATCTTGC	CTCTGGAT	397
AGGATAGC	TAGCCATG	394
AACAGCGA	TAGCCATG	386
CGGTAATC	ATCGTGGT	386
GTCCTAAG	GTAGCGTA	385
TCGAGAGT	TCGGATTC	383
GTCCTAAG	TCGAGAGT	381
AACAGCGA	TCGGATTC	378
GTAGCGTA	TATGGCAC	377
TCGAGAGT	ATCATGCG	374
ATCGTGGT	AGAGTCCA	372
CACTTCAC	ACGATCAG	371
CACTTCAC	CTAGCTCA	371
GCTACTCT	ACGATCAG	370
GATCTTGC	AGGATAGC	368
TATGGCAC	CGGTAATC	366
AACAGCGA	GTCCTAAG	363
TATGGCAC	GTAGCGTA	363
AGAGTCCA	GCTACTCT	362
TAGCCATG	AGGATAGC	362
TCGAGAGT	GTCCTAAG	362
ACGATCAG	CGATCGAT	361
ACGATCAG	GATCAAGG	361
TCGAGAGT	GTAGCGTA	360
AGGATAGC	CACTTCAC	359
ATCATGCG	GTAGCGTA	358
CACTTCAC	TATGGCAC	358
TCGACAAG	TCGAGAGT	358
AGAGTCCA	ATCGTGGT	357
AGGATAGC	AACAGCGA	355
AGGATAGC	TCGGATTC	355
GTAGCGTA	ATCATGCG	353
CGGTAATC	TAGCCATG	351
TGTTCCGT	GATCTTGC	350
TCGAGAGT	CGATCGAT	349
GTAGCGTA	AACAGCGA	348
AACAGCGA	GATCAAGG	344
CGGTAATC	AGGATAGC	339
CTAGCTCA	CACTTCAC	338
TATGGCAC	GATCAAGG	338
ACGATCAG	GCTACTCT	335
GCTACTCT	TATGGCAC	335
ACGATCAG	TCGACAAG	334
GCTACTCT	GTCCTAAG	334
GTAGCGTA	TAGCCATG	332
TAGCCATG	GTAGCGTA	331
AACAGCGA	CGATCGAT	329
CGATCGAT	TCGAGAGT	329
TCGAGAGT	AACAGCGA	329
ATCATGCG	GCTACTCT	328
GATCAAGG	AGAGTCCA	328
GTAGCGTA	AGGATAGC	327
TCGGATTC	TGTTCCGT	327
AGGATAGC	CGGTAATC	323
GATCAAGG	ATCATGCG	323
GCTACTCT	ATCATGCG	323
TCGACAAG	TAGCCATG	323
CGATCGAT	AGGATAGC	321
GATCAAGG	TCGAGAGT	320
AGGATAGC	ATCGTGGT	319
TATGGCAC	ATCGTGGT	318
TATGGCAC	GCTACTCT	317
TCGAGAGT	GATCAAGG	315
TCGGATTC	AGGATAGC	315
ATCGTGGT	ATCATGCG	314
GTCCTAAG	AGGATAGC	311
TCGGATTC	TCGAGAGT	311
CGGTAATC	TATGGCAC	309
AGGATAGC	GTCCTAAG	307
ATCGTGGT	ACGATCAG	307
GTAGCGTA	ATCGTGGT	306
ATCATGCG	TCGACAAG	305
GCTACTCT	TAGCCATG	299
GATCAAGG	TATGGCAC	297
TCGGATTC	GATCTTGC	293
ACGATCAG	GTAGCGTA	292
CGATCGAT	ACGATCAG	291
ATCATGCG	GATCTTGC	288
ATCGTGGT	TATGGCAC	288
AGAGTCCA	CGATCGAT	285
TGTTCCGT	CGGTAATC	283
AGGATAGC	CGATCGAT	282
TCGACAAG	ACGATCAG	281
CACTTCAC	TGTTCCGT	279
CGATCGAT	AGAGTCCA	278
GATCAAGG	GTAGCGTA	277
GCTACTCT	AGGATAGC	277
GTCCTAAG	GCTACTCT	277
TAGCCATG	AACAGCGA	277
TATGGCAC	TCGACAAG	277
TCGAGAGT	TCGACAAG	277
ACGATCAG	AACAGCGA	275
TATGGCAC	CGATCGAT	275
GTCCTAAG	TCGGATTC	271
AGAGTCCA	GATCAAGG	270
GATCTTGC	CTAGCTCA	269
ATCGTGGT	AGGATAGC	267
GATCAAGG	GATCTTGC	266
TGTTCCGT	CACTTCAC	266
ATCATGCG	CGATCGAT	265
GATCAAGG	AGGATAGC	264
GCTACTCT	AACAGCGA	259
ATCGTGGT	GTAGCGTA	258
CGGTAATC	TCGAGAGT	258
GTAGCGTA	GATCAAGG	258
TCGACAAG	CTAGCTCA	256
GTCCTAAG	ATCGTGGT	255
TCGGATTC	CGATCGAT	254
ATCGTGGT	GCTACTCT	253
TCGAGAGT	CGGTAATC	253
GATCTTGC	ATCATGCG	252
GATCTTGC	TATGGCAC	251
GTCCTAAG	CGATCGAT	251
AACAGCGA	GCTACTCT	249
GATCAAGG	GCTACTCT	248
TAGCCATG	GCTACTCT	248
TAGCCATG	CACTTCAC	247
TCGACAAG	TGTTCCGT	246
AGAGTCCA	CGGTAATC	244
CGGTAATC	AGAGTCCA	244
ACGATCAG	ATCGTGGT	242
TGTTCCGT	TCGACAAG	242
GCTACTCT	ATCGTGGT	240
TAGCCATG	TCGGATTC	240
TAGCCATG	ATCGTGGT	239
AGAGTCCA	TCGGATTC	236
CGATCGAT	TAGCCATG	236
TCGACAAG	GTCCTAAG	233
TAGCCATG	TCGACAAG	231
GCTACTCT	GATCAAGG	229
AGGATAGC	GATCAAGG	228
ATCGTGGT	TAGCCATG	228
CGGTAATC	CGATCGAT	228
CGATCGAT	GTCCTAAG	227
CACTTCAC	CGGTAATC	224
GTCCTAAG	GATCTTGC	224
CACTTCAC	AGGATAGC	223
TCGGATTC	AGAGTCCA	223
ATCGTGGT	CGATCGAT	219
CGATCGAT	TATGGCAC	219
ATCATGCG	TCGGATTC	217
CGGTAATC	ACGATCAG	217
TCGGATTC	ACGATCAG	216
GATCAAGG	AACAGCGA	215
TCGAGAGT	GATCTTGC	215
CGATCGAT	CGGTAATC	214
GCTACTCT	CGATCGAT	214
GTAGCGTA	CGATCGAT	213
GATCAAGG	CGATCGAT	211
TAGCCATG	GATCTTGC	209
CGATCGAT	ATCATGCG	208
GATCTTGC	AGAGTCCA	208
AGAGTCCA	GATCTTGC	206
GATCTTGC	CGATCGAT	205
TCGACAAG	TATGGCAC	205
CGATCGAT	GTAGCGTA	204
ACGATCAG	CGGTAATC	203
CGGTAATC	ATCATGCG	203
CGGTAATC	CACTTCAC	203
GATCTTGC	TGTTCCGT	203
ATCATGCG	CGGTAATC	201
AGAGTCCA	CACTTCAC	197
TAGCCATG	CGGTAATC	196
ATCGTGGT	AACAGCGA	195
CGATCGAT	GCTACTCT	195
ACGATCAG	GATCTTGC	193
GATCTTGC	ACGATCAG	193
CACTTCAC	AGAGTCCA	191
TCGGATTC	TAGCCATG	191
TCGGATTC	CGGTAATC	188
ACGATCAG	CACTTCAC	186
CGGTAATC	GATCAAGG	185
GATCTTGC	GATCAAGG	184
CGATCGAT	GATCAAGG	183
GTCCTAAG	TCGACAAG	183
TAGCCATG	CGATCGAT	183
AACAGCGA	CACTTCAC	182
GCTACTCT	GATCTTGC	181
CACTTCAC	TCGAGAGT	179
GATCTTGC	AACAGCGA	179
ATCGTGGT	GTCCTAAG	178
GATCTTGC	TCGAGAGT	176
ACGATCAG	TCGGATTC	175
ATCGTGGT	CGGTAATC	175
TCGACAAG	AGGATAGC	175
CACTTCAC	CGATCGAT	174
AACAGCGA	CGGTAATC	173
TCGGATTC	ATCATGCG	173
CGATCGAT	AACAGCGA	171
ATCATGCG	CACTTCAC	170
GATCTTGC	GTAGCGTA	170
CGATCGAT	ATCGTGGT	167
GATCTTGC	GTCCTAAG	167
GCTACTCT	CGGTAATC	166
CGGTAATC	GTCCTAAG	164
TCGGATTC	GTCCTAAG	164
CGGTAATC	GATCTTGC	163
CGGTAATC	TCGGATTC	162
GTAGCGTA	TCGGATTC	162
GTAGCGTA	GATCTTGC	159
TCGAGAGT	CACTTCAC	159
CACTTCAC	ATCATGCG	158
GTCCTAAG	CGGTAATC	158
ATCGTGGT	TCGGATTC	157
CGGTAATC	AACAGCGA	154
AGAGTCCA	TCGACAAG	153
TCGACAAG	AGAGTCCA	150
GATCAAGG	TCGACAAG	149
GTAGCGTA	CGGTAATC	149
CGGTAATC	GTAGCGTA	148
GCTACTCT	TCGGATTC	148
CGGTAATC	GCTACTCT	147
TCGACAAG	GATCAAGG	146
CACTTCAC	TCGGATTC	141
ATCGTGGT	GATCTTGC	137
GATCTTGC	TAGCCATG	136
GTCCTAAG	CACTTCAC	134
AACAGCGA	TCGACAAG	133
AGGATAGC	TCGACAAG	133
GATCTTGC	CGGTAATC	133
TCGGATTC	GTAGCGTA	133
CACTTCAC	GTCCTAAG	132
GATCTTGC	GCTACTCT	132
TCGGATTC	GATCAAGG	132
CACTTCAC	GTAGCGTA	131
CGATCGAT	GATCTTGC	131
TCGACAAG	TCGGATTC	127
CACTTCAC	AACAGCGA	125
CGATCGAT	CACTTCAC	124
TCGGATTC	GCTACTCT	123
CACTTCAC	GATCAAGG	122
GATCAAGG	CGGTAATC	122
GATCAAGG	TCGGATTC	120
GTAGCGTA	TCGACAAG	119
TCGGATTC	ATCGTGGT	118
CGATCGAT	TCGGATTC	117
ATCGTGGT	TCGACAAG	112
TCGGATTC	CACTTCAC	111
TCGACAAG	GTAGCGTA	110
GATCTTGC	ATCGTGGT	109
CACTTCAC	GATCTTGC	108
CGATCGAT	TCGACAAG	105
TCGACAAG	CGATCGAT	105
TCGACAAG	GCTACTCT	105
CACTTCAC	ATCGTGGT	103
GATCTTGC	CACTTCAC	102
CACTTCAC	GCTACTCT	101
GTAGCGTA	CACTTCAC	101
TCGACAAG	AACAGCGA	100
GCTACTCT	TCGACAAG	99
TCGACAAG	ATCGTGGT	98
GCTACTCT	CACTTCAC	96
GATCAAGG	CACTTCAC	95
TCGGATTC	TCGACAAG	88
CGGTAATC	TCGACAAG	85
GATCTTGC	TCGGATTC	85
ATCGTGGT	CACTTCAC	84
TCGACAAG	GATCTTGC	70
CACTTCAC	TCGACAAG	67
TCGACAAG	CGGTAATC	56
GATCTTGC	TCGACAAG	48
TCGACAAG	CACTTCAC	35
