i1	i2	count	category
TACCGGAT	TACCGGAT	76363857	matched
TCTTCGAC	TCTTCGAC	42094112	matched
CTCTGGAT	CTCTGGAT	34976387	matched
CTAGCTCA	CTAGCTCA	17332036	matched
TGTTCCGT	TGTTCCGT	15733007	matched
TCGAGAGT	TCGAGAGT	11741547	matched
AGAGTCCA	AGAGTCCA	11316780	matched
TATGGCAC	TATGGCAC	11184304	matched
TAGCCATG	TAGCCATG	10629633	matched
ATCATGCG	ATCATGCG	10087503	matched
AACAGCGA	AACAGCGA	8872034	matched
GTCCTAAG	GTCCTAAG	8830276	matched
AGGATAGC	AGGATAGC	8673180	matched
GTAGCGTA	GTAGCGTA	8119243	matched
ACGATCAG	ACGATCAG	7942853	matched
GCTACTCT	GCTACTCT	7416557	matched
ATCGTGGT	ATCGTGGT	6887592	matched
GATCAAGG	GATCAAGG	6587100	matched
CGATCGAT	CGATCGAT	5604966	matched
CGGTAATC	CGGTAATC	5064906	matched
TCGGATTC	TCGGATTC	4611350	matched
CACTTCAC	CACTTCAC	4191388	matched
TCGACAAG	TCGACAAG	3853350	matched
GATCTTGC	GATCTTGC	3641072	matched
TATGGCAC	TGTTCCGT	88571	hopped
TGTTCCGT	TATGGCAC	85536	hopped
TACCGGAT	CTCTGGAT	20269	hopped
GATCAAGG	TCTTCGAC	18138	hopped
CTAGCTCA	TCGACAAG	14841	hopped
CTCTGGAT	TACCGGAT	14152	hopped
TACCGGAT	TCTTCGAC	13576	hopped
TCTTCGAC	TACCGGAT	10986	hopped
TCGACAAG	ATCATGCG	7836	hopped
CGGTAATC	TACCGGAT	7265	hopped
GTCCTAAG	TATGGCAC	7066	hopped
CTCTGGAT	TCTTCGAC	6129	hopped
TCTTCGAC	CTCTGGAT	5933	hopped
TACCGGAT	TCGAGAGT	5863	hopped
TACCGGAT	TGTTCCGT	5737	hopped
TACCGGAT	CTAGCTCA	5282	hopped
CTAGCTCA	TACCGGAT	4738	hopped
TACCGGAT	TAGCCATG	4661	hopped
TATGGCAC	TACCGGAT	4625	hopped
TGTTCCGT	TACCGGAT	4606	hopped
TACCGGAT	TATGGCAC	4603	hopped
TCTTCGAC	ATCGTGGT	4468	hopped
TATGGCAC	TCTTCGAC	4277	hopped
CTAGCTCA	CTCTGGAT	3996	hopped
TCGAGAGT	TACCGGAT	3632	hopped
TACCGGAT	ATCGTGGT	3453	hopped
CTCTGGAT	CTAGCTCA	3445	hopped
CACTTCAC	TAGCCATG	3205	hopped
TCTTCGAC	TGTTCCGT	3200	hopped
TACCGGAT	GTCCTAAG	3170	hopped
TCTTCGAC	CTAGCTCA	3013	hopped
TACCGGAT	ACGATCAG	2928	hopped
TACCGGAT	CGGTAATC	2913	hopped
CTAGCTCA	TCTTCGAC	2907	hopped
TACCGGAT	AGAGTCCA	2906	hopped
TCTTCGAC	TATGGCAC	2865	hopped
TAGCCATG	TACCGGAT	2851	hopped
TCTTCGAC	TCGAGAGT	2779	hopped
TACCGGAT	AGGATAGC	2734	hopped
TGTTCCGT	TCTTCGAC	2719	hopped
AGAGTCCA	TACCGGAT	2707	hopped
TACCGGAT	ATCATGCG	2665	hopped
CTCTGGAT	TGTTCCGT	2652	hopped
AACAGCGA	TACCGGAT	2578	hopped
ATCATGCG	TACCGGAT	2521	hopped
CTCTGGAT	GCTACTCT	2491	hopped
CTCTGGAT	TCGAGAGT	2379	hopped
GTCCTAAG	TACCGGAT	2326	hopped
ACGATCAG	TACCGGAT	2271	hopped
TACCGGAT	AACAGCGA	2269	hopped
AGGATAGC	TACCGGAT	2227	hopped
TACCGGAT	GTAGCGTA	2217	hopped
TACCGGAT	GATCAAGG	2203	hopped
AACAGCGA	TCTTCGAC	2178	hopped
CTCTGGAT	CGATCGAT	2171	hopped
AGGATAGC	TCTTCGAC	2149	hopped
TCTTCGAC	AGGATAGC	2140	hopped
TACCGGAT	CGATCGAT	2118	hopped
ATCGTGGT	TACCGGAT	2090	hopped
CGATCGAT	TACCGGAT	2046	hopped
CTCTGGAT	AGAGTCCA	2037	hopped
TCGAGAGT	TCTTCGAC	2011	hopped
GTAGCGTA	TACCGGAT	1975	hopped
TGTTCCGT	CTCTGGAT	1941	hopped
TCTTCGAC	GATCAAGG	1934	hopped
TACCGGAT	TCGGATTC	1922	hopped
ATCATGCG	TCTTCGAC	1858	hopped
TCGAGAGT	CTCTGGAT	1857	hopped
CTAGCTCA	ATCATGCG	1851	hopped
GCTACTCT	TACCGGAT	1846	hopped
CTAGCTCA	GCTACTCT	1829	hopped
TCTTCGAC	ACGATCAG	1807	hopped
TACCGGAT	GCTACTCT	1798	hopped
CTCTGGAT	TATGGCAC	1742	hopped
TCTTCGAC	TAGCCATG	1719	hopped
AGAGTCCA	TCTTCGAC	1660	hopped
GATCAAGG	TACCGGAT	1650	hopped
TCTTCGAC	TCGGATTC	1643	hopped
TCTTCGAC	AGAGTCCA	1619	hopped
TAGCCATG	TCTTCGAC	1611	hopped
TATGGCAC	CTCTGGAT	1574	hopped
GTAGCGTA	GCTACTCT	1532	hopped
TCTTCGAC	ATCATGCG	1520	hopped
ATCATGCG	CTCTGGAT	1513	hopped
TACCGGAT	CACTTCAC	1434	hopped
TACCGGAT	GATCTTGC	1427	hopped
CTCTGGAT	ACGATCAG	1401	hopped
ATCGTGGT	TCTTCGAC	1391	hopped
TCTTCGAC	GTCCTAAG	1381	hopped
AGAGTCCA	CTAGCTCA	1359	hopped
CTCTGGAT	GTCCTAAG	1359	hopped
ACGATCAG	TCTTCGAC	1352	hopped
GTAGCGTA	TCTTCGAC	1351	hopped
ATCGTGGT	CTCTGGAT	1349	hopped
GTCCTAAG	TCTTCGAC	1345	hopped
TCTTCGAC	GTAGCGTA	1326	hopped
CGGTAATC	TCTTCGAC	1316	hopped
CTCTGGAT	ATCATGCG	1308	hopped
TCGGATTC	TCTTCGAC	1307	hopped
CGATCGAT	CTCTGGAT	1304	hopped
AACAGCGA	CTCTGGAT	1292	hopped
CTCTGGAT	TAGCCATG	1277	hopped
CTCTGGAT	ATCGTGGT	1257	hopped
CTAGCTCA	TCGAGAGT	1256	hopped
AGAGTCCA	CTCTGGAT	1255	hopped
CTAGCTCA	AGAGTCCA	1253	hopped
CTAGCTCA	TGTTCCGT	1247	hopped
CTAGCTCA	GTAGCGTA	1242	hopped
TACCGGAT	TCGACAAG	1237	hopped
TCTTCGAC	CGGTAATC	1234	hopped
CTCTGGAT	AGGATAGC	1211	hopped
GCTACTCT	CTCTGGAT	1195	hopped
TCTTCGAC	CGATCGAT	1187	hopped
TCGGATTC	TACCGGAT	1173	hopped
CTCTGGAT	GTAGCGTA	1165	hopped
CGATCGAT	TCTTCGAC	1160	hopped
GTCCTAAG	CTCTGGAT	1151	hopped
TCGAGAGT	TGTTCCGT	1126	hopped
GCTACTCT	TCTTCGAC	1122	hopped
TGTTCCGT	CTAGCTCA	1116	hopped
AGAGTCCA	TCGAGAGT	1115	hopped
TAGCCATG	CTCTGGAT	1106	hopped
AGGATAGC	CTCTGGAT	1100	hopped
TCTTCGAC	GCTACTCT	1090	hopped
TGTTCCGT	TCGAGAGT	1090	hopped
TCTTCGAC	AACAGCGA	1079	hopped
ACGATCAG	CTCTGGAT	1060	hopped
AGAGTCCA	GTAGCGTA	1058	hopped
TCTTCGAC	TCGACAAG	1053	hopped
TCGGATTC	AACAGCGA	1047	hopped
CACTTCAC	TACCGGAT	1043	hopped
TCTTCGAC	GATCTTGC	1042	hopped
CTCTGGAT	AACAGCGA	1033	hopped
GTAGCGTA	CTAGCTCA	1014	hopped
CTCTGGAT	CGGTAATC	1010	hopped
AGGATAGC	GTAGCGTA	996	hopped
TATGGCAC	TCGGATTC	991	hopped
GTCCTAAG	TGTTCCGT	990	hopped
CTAGCTCA	TAGCCATG	977	hopped
CTAGCTCA	TATGGCAC	977	hopped
GTAGCGTA	CTCTGGAT	965	hopped
TATGGCAC	TCGAGAGT	958	hopped
TCGACAAG	TACCGGAT	957	hopped
TCTTCGAC	CACTTCAC	951	hopped
CACTTCAC	TCTTCGAC	938	hopped
TGTTCCGT	TCGGATTC	920	hopped
ATCATGCG	TAGCCATG	917	hopped
TATGGCAC	CTAGCTCA	906	hopped
AGAGTCCA	TGTTCCGT	889	hopped
TAGCCATG	CTAGCTCA	877	hopped
CTAGCTCA	ACGATCAG	851	hopped
ATCATGCG	CTAGCTCA	848	hopped
TGTTCCGT	AGAGTCCA	845	hopped
TCGAGAGT	CTAGCTCA	829	hopped
GTAGCGTA	ACGATCAG	826	hopped
CTCTGGAT	GATCAAGG	819	hopped
GCTACTCT	CTAGCTCA	814	hopped
TGTTCCGT	AACAGCGA	791	hopped
GATCTTGC	TACCGGAT	790	hopped
ATCATGCG	TATGGCAC	788	hopped
AGGATAGC	CTAGCTCA	783	hopped
ATCATGCG	ACGATCAG	782	hopped
TCGACAAG	TCTTCGAC	782	hopped
GTAGCGTA	TCGAGAGT	776	hopped
GATCAAGG	CTCTGGAT	775	hopped
CTCTGGAT	TCGGATTC	770	hopped
CGGTAATC	CTCTGGAT	766	hopped
TATGGCAC	GTCCTAAG	759	hopped
AACAGCGA	CTAGCTCA	755	hopped
GATCTTGC	TCTTCGAC	755	hopped
CTAGCTCA	GTCCTAAG	736	hopped
ATCATGCG	TGTTCCGT	734	hopped
TAGCCATG	TGTTCCGT	724	hopped
TGTTCCGT	ATCATGCG	718	hopped
GCTACTCT	TGTTCCGT	709	hopped
CTAGCTCA	AGGATAGC	704	hopped
AGGATAGC	TGTTCCGT	698	hopped
AACAGCGA	ATCATGCG	688	hopped
CTCTGGAT	CACTTCAC	685	hopped
AGGATAGC	TATGGCAC	683	hopped
TATGGCAC	AGGATAGC	675	hopped
ACGATCAG	CTAGCTCA	665	hopped
GTCCTAAG	CTAGCTCA	664	hopped
AGGATAGC	AGAGTCCA	662	hopped
TATGGCAC	AACAGCGA	661	hopped
AGAGTCCA	ACGATCAG	660	hopped
CACTTCAC	CTCTGGAT	660	hopped
TCGAGAGT	ACGATCAG	655	hopped
AACAGCGA	TGTTCCGT	653	hopped
GCTACTCT	GTAGCGTA	651	hopped
CTCTGGAT	GATCTTGC	646	hopped
TCGAGAGT	GCTACTCT	637	hopped
ATCATGCG	GTCCTAAG	636	hopped
TGTTCCGT	TAGCCATG	633	hopped
AACAGCGA	GATCTTGC	628	hopped
AACAGCGA	AGAGTCCA	625	hopped
ATCATGCG	AGAGTCCA	621	hopped
CTAGCTCA	AACAGCGA	620	hopped
TCGGATTC	CTCTGGAT	619	hopped
ATCGTGGT	GATCAAGG	617	hopped
TATGGCAC	TAGCCATG	610	hopped
GTAGCGTA	TGTTCCGT	608	hopped
AGAGTCCA	AGGATAGC	606	hopped
CTAGCTCA	CGATCGAT	599	hopped
ATCATGCG	ATCGTGGT	598	hopped
TGTTCCGT	AGGATAGC	584	hopped
ATCATGCG	AGGATAGC	582	hopped
ACGATCAG	TGTTCCGT	579	hopped
TGTTCCGT	GTAGCGTA	575	hopped
TATGGCAC	ACGATCAG	574	hopped
AGGATAGC	TCGAGAGT	570	hopped
CTCTGGAT	TCGACAAG	570	hopped
TGTTCCGT	ACGATCAG	568	hopped
GATCAAGG	ACGATCAG	567	hopped
ATCGTGGT	TCGAGAGT	562	hopped
TAGCCATG	TCGAGAGT	556	hopped
CTAGCTCA	ATCGTGGT	554	hopped
AACAGCGA	ACGATCAG	553	hopped
AGAGTCCA	TATGGCAC	551	hopped
AGGATAGC	GATCTTGC	549	hopped
ATCATGCG	GATCAAGG	549	hopped
AACAGCGA	AGGATAGC	541	hopped
ATCATGCG	AACAGCGA	540	hopped
GTAGCGTA	AGAGTCCA	537	hopped
TATGGCAC	AGAGTCCA	534	hopped
AGGATAGC	ACGATCAG	531	hopped
TGTTCCGT	CGATCGAT	527	hopped
TAGCCATG	TATGGCAC	521	hopped
TCGAGAGT	AGAGTCCA	516	hopped
ACGATCAG	TAGCCATG	515	hopped
ACGATCAG	AGAGTCCA	511	hopped
CTAGCTCA	GATCAAGG	511	hopped
ACGATCAG	TCGAGAGT	510	hopped
AGGATAGC	ATCATGCG	509	hopped
CGGTAATC	CTAGCTCA	509	hopped
TCGAGAGT	ATCGTGGT	509	hopped
AACAGCGA	TCGAGAGT	508	hopped
ACGATCAG	GTCCTAAG	508	hopped
CGATCGAT	TGTTCCGT	504	hopped
TGTTCCGT	ATCGTGGT	499	hopped
ATCATGCG	TCGAGAGT	497	hopped
TCGAGAGT	AGGATAGC	494	hopped
AACAGCGA	GTAGCGTA	492	hopped
GCTACTCT	AGAGTCCA	492	hopped
TGTTCCGT	GCTACTCT	487	hopped
TCGAGAGT	TATGGCAC	483	hopped
AACAGCGA	TATGGCAC	482	hopped
AGAGTCCA	AACAGCGA	481	hopped
AGAGTCCA	ATCATGCG	478	hopped
TATGGCAC	CACTTCAC	474	hopped
ATCGTGGT	TGTTCCGT	473	hopped
ATCGTGGT	CTAGCTCA	472	hopped
TATGGCAC	ATCATGCG	472	hopped
GCTACTCT	TCGAGAGT	470	hopped
TAGCCATG	AGAGTCCA	466	hopped
CGATCGAT	CTAGCTCA	463	hopped
TGTTCCGT	GTCCTAAG	462	hopped
GTCCTAAG	AACAGCGA	461	hopped
AGAGTCCA	TAGCCATG	459	hopped
ACGATCAG	TATGGCAC	454	hopped
TAGCCATG	ATCATGCG	453	hopped
GTCCTAAG	ACGATCAG	451	hopped
GTCCTAAG	TAGCCATG	451	hopped
TCGACAAG	CTCTGGAT	449	hopped
AACAGCGA	ATCGTGGT	448	hopped
GATCAAGG	ATCGTGGT	448	hopped
GATCAAGG	CTAGCTCA	448	hopped
TAGCCATG	ACGATCAG	441	hopped
GTCCTAAG	GATCAAGG	437	hopped
ACGATCAG	ATCATGCG	433	hopped
CTAGCTCA	TCGGATTC	431	hopped
CTAGCTCA	CGGTAATC	430	hopped
TCGAGAGT	TAGCCATG	428	hopped
TAGCCATG	GTCCTAAG	426	hopped
TCGGATTC	TATGGCAC	424	hopped
CTAGCTCA	GATCTTGC	422	hopped
GATCAAGG	GTCCTAAG	421	hopped
GTCCTAAG	ATCATGCG	419	hopped
GATCAAGG	TGTTCCGT	417	hopped
ACGATCAG	AGGATAGC	415	hopped
GTAGCGTA	GTCCTAAG	415	hopped
AGGATAGC	GCTACTCT	413	hopped
GTCCTAAG	AGAGTCCA	409	hopped
AGAGTCCA	GTCCTAAG	407	hopped
TCGGATTC	CTAGCTCA	407	hopped
TATGGCAC	GATCTTGC	404	hopped
TGTTCCGT	GATCAAGG	400	hopped
CGGTAATC	TGTTCCGT	399	hopped
TAGCCATG	GATCAAGG	398	hopped
GATCAAGG	TAGCCATG	397	hopped
GATCTTGC	CTCTGGAT	397	hopped
AGGATAGC	TAGCCATG	394	hopped
AACAGCGA	TAGCCATG	386	hopped
CGGTAATC	ATCGTGGT	386	hopped
GTCCTAAG	GTAGCGTA	385	hopped
TCGAGAGT	TCGGATTC	383	hopped
GTCCTAAG	TCGAGAGT	381	hopped
AACAGCGA	TCGGATTC	378	hopped
GTAGCGTA	TATGGCAC	377	hopped
TCGAGAGT	ATCATGCG	374	hopped
ATCGTGGT	AGAGTCCA	372	hopped
CACTTCAC	ACGATCAG	371	hopped
CACTTCAC	CTAGCTCA	371	hopped
GCTACTCT	ACGATCAG	370	hopped
GATCTTGC	AGGATAGC	368	hopped
TATGGCAC	CGGTAATC	366	hopped
AACAGCGA	GTCCTAAG	363	hopped
TATGGCAC	GTAGCGTA	363	hopped
AGAGTCCA	GCTACTCT	362	hopped
TAGCCATG	AGGATAGC	362	hopped
TCGAGAGT	GTCCTAAG	362	hopped
ACGATCAG	CGATCGAT	361	hopped
ACGATCAG	GATCAAGG	361	hopped
TCGAGAGT	GTAGCGTA	360	hopped
AGGATAGC	CACTTCAC	359	hopped
ATCATGCG	GTAGCGTA	358	hopped
CACTTCAC	TATGGCAC	358	hopped
TCGACAAG	TCGAGAGT	358	hopped
AGAGTCCA	ATCGTGGT	357	hopped
AGGATAGC	AACAGCGA	355	hopped
AGGATAGC	TCGGATTC	355	hopped
GTAGCGTA	ATCATGCG	353	hopped
CGGTAATC	TAGCCATG	351	hopped
TGTTCCGT	GATCTTGC	350	hopped
TCGAGAGT	CGATCGAT	349	hopped
GTAGCGTA	AACAGCGA	348	hopped
AACAGCGA	GATCAAGG	344	hopped
CGGTAATC	AGGATAGC	339	hopped
CTAGCTCA	CACTTCAC	338	hopped
TATGGCAC	GATCAAGG	338	hopped
ACGATCAG	GCTACTCT	335	hopped
GCTACTCT	TATGGCAC	335	hopped
ACGATCAG	TCGACAAG	334	hopped
GCTACTCT	GTCCTAAG	334	hopped
GTAGCGTA	TAGCCATG	332	hopped
TAGCCATG	GTAGCGTA	331	hopped
AACAGCGA	CGATCGAT	329	hopped
CGATCGAT	TCGAGAGT	329	hopped
TCGAGAGT	AACAGCGA	329	hopped
ATCATGCG	GCTACTCT	328	hopped
GATCAAGG	AGAGTCCA	328	hopped
GTAGCGTA	AGGATAGC	327	hopped
TCGGATTC	TGTTCCGT	327	hopped
AGGATAGC	CGGTAATC	323	hopped
GATCAAGG	ATCATGCG	323	hopped
GCTACTCT	ATCATGCG	323	hopped
TCGACAAG	TAGCCATG	323	hopped
CGATCGAT	AGGATAGC	321	hopped
GATCAAGG	TCGAGAGT	320	hopped
AGGATAGC	ATCGTGGT	319	hopped
TATGGCAC	ATCGTGGT	318	hopped
TATGGCAC	GCTACTCT	317	hopped
TCGAGAGT	GATCAAGG	315	hopped
TCGGATTC	AGGATAGC	315	hopped
ATCGTGGT	ATCATGCG	314	hopped
GTCCTAAG	AGGATAGC	311	hopped
TCGGATTC	TCGAGAGT	311	hopped
CGGTAATC	TATGGCAC	309	hopped
AGGATAGC	GTCCTAAG	307	hopped
ATCGTGGT	ACGATCAG	307	hopped
GTAGCGTA	ATCGTGGT	306	hopped
ATCATGCG	TCGACAAG	305	hopped
GCTACTCT	TAGCCATG	299	hopped
GATCAAGG	TATGGCAC	297	hopped
TCGGATTC	GATCTTGC	293	hopped
ACGATCAG	GTAGCGTA	292	hopped
CGATCGAT	ACGATCAG	291	hopped
ATCATGCG	GATCTTGC	288	hopped
ATCGTGGT	TATGGCAC	288	hopped
AGAGTCCA	CGATCGAT	285	hopped
TGTTCCGT	CGGTAATC	283	hopped
AGGATAGC	CGATCGAT	282	hopped
TCGACAAG	ACGATCAG	281	hopped
CACTTCAC	TGTTCCGT	279	hopped
CGATCGAT	AGAGTCCA	278	hopped
GATCAAGG	GTAGCGTA	277	hopped
GCTACTCT	AGGATAGC	277	hopped
GTCCTAAG	GCTACTCT	277	hopped
TAGCCATG	AACAGCGA	277	hopped
TATGGCAC	TCGACAAG	277	hopped
TCGAGAGT	TCGACAAG	277	hopped
ACGATCAG	AACAGCGA	275	hopped
TATGGCAC	CGATCGAT	275	hopped
GTCCTAAG	TCGGATTC	271	hopped
AGAGTCCA	GATCAAGG	270	hopped
GATCTTGC	CTAGCTCA	269	hopped
ATCGTGGT	AGGATAGC	267	hopped
GATCAAGG	GATCTTGC	266	hopped
TGTTCCGT	CACTTCAC	266	hopped
ATCATGCG	CGATCGAT	265	hopped
GATCAAGG	AGGATAGC	264	hopped
GCTACTCT	AACAGCGA	259	hopped
ATCGTGGT	GTAGCGTA	258	hopped
CGGTAATC	TCGAGAGT	258	hopped
GTAGCGTA	GATCAAGG	258	hopped
TCGACAAG	CTAGCTCA	256	hopped
GTCCTAAG	ATCGTGGT	255	hopped
TCGGATTC	CGATCGAT	254	hopped
ATCGTGGT	GCTACTCT	253	hopped
TCGAGAGT	CGGTAATC	253	hopped
GATCTTGC	ATCATGCG	252	hopped
GATCTTGC	TATGGCAC	251	hopped
GTCCTAAG	CGATCGAT	251	hopped
AACAGCGA	GCTACTCT	249	hopped
GATCAAGG	GCTACTCT	248	hopped
TAGCCATG	GCTACTCT	248	hopped
TAGCCATG	CACTTCAC	247	hopped
TCGACAAG	TGTTCCGT	246	hopped
AGAGTCCA	CGGTAATC	244	hopped
CGGTAATC	AGAGTCCA	244	hopped
ACGATCAG	ATCGTGGT	242	hopped
TGTTCCGT	TCGACAAG	242	hopped
GCTACTCT	ATCGTGGT	240	hopped
TAGCCATG	TCGGATTC	240	hopped
TAGCCATG	ATCGTGGT	239	hopped
AGAGTCCA	TCGGATTC	236	hopped
CGATCGAT	TAGCCATG	236	hopped
TCGACAAG	GTCCTAAG	233	hopped
TAGCCATG	TCGACAAG	231	hopped
GCTACTCT	GATCAAGG	229	hopped
AGGATAGC	GATCAAGG	228	hopped
ATCGTGGT	TAGCCATG	228	hopped
CGGTAATC	CGATCGAT	228	hopped
CGATCGAT	GTCCTAAG	227	hopped
CACTTCAC	CGGTAATC	224	hopped
GTCCTAAG	GATCTTGC	224	hopped
CACTTCAC	AGGATAGC	223	hopped
TCGGATTC	AGAGTCCA	223	hopped
ATCGTGGT	CGATCGAT	219	hopped
CGATCGAT	TATGGCAC	219	hopped
ATCATGCG	TCGGATTC	217	hopped
CGGTAATC	ACGATCAG	217	hopped
TCGGATTC	ACGATCAG	216	hopped
GATCAAGG	AACAGCGA	215	hopped
TCGAGAGT	GATCTTGC	215	hopped
CGATCGAT	CGGTAATC	214	hopped
GCTACTCT	CGATCGAT	214	hopped
GTAGCGTA	CGATCGAT	213	hopped
GATCAAGG	CGATCGAT	211	hopped
TAGCCATG	GATCTTGC	209	hopped
CGATCGAT	ATCATGCG	208	hopped
GATCTTGC	AGAGTCCA	208	hopped
AGAGTCCA	GATCTTGC	206	hopped
GATCTTGC	CGATCGAT	205	hopped
TCGACAAG	TATGGCAC	205	hopped
CGATCGAT	GTAGCGTA	204	hopped
ACGATCAG	CGGTAATC	203	hopped
CGGTAATC	ATCATGCG	203	hopped
CGGTAATC	CACTTCAC	203	hopped
GATCTTGC	TGTTCCGT	203	hopped
ATCATGCG	CGGTAATC	201	hopped
AGAGTCCA	CACTTCAC	197	hopped
TAGCCATG	CGGTAATC	196	hopped
ATCGTGGT	AACAGCGA	195	hopped
CGATCGAT	GCTACTCT	195	hopped
ACGATCAG	GATCTTGC	193	hopped
GATCTTGC	ACGATCAG	193	hopped
CACTTCAC	AGAGTCCA	191	hopped
TCGGATTC	TAGCCATG	191	hopped
TCGGATTC	CGGTAATC	188	hopped
ACGATCAG	CACTTCAC	186	hopped
CGGTAATC	GATCAAGG	185	hopped
GATCTTGC	GATCAAGG	184	hopped
CGATCGAT	GATCAAGG	183	hopped
GTCCTAAG	TCGACAAG	183	hopped
TAGCCATG	CGATCGAT	183	hopped
AACAGCGA	CACTTCAC	182	hopped
GCTACTCT	GATCTTGC	181	hopped
CACTTCAC	TCGAGAGT	179	hopped
GATCTTGC	AACAGCGA	179	hopped
ATCGTGGT	GTCCTAAG	178	hopped
GATCTTGC	TCGAGAGT	176	hopped
ACGATCAG	TCGGATTC	175	hopped
ATCGTGGT	CGGTAATC	175	hopped
TCGACAAG	AGGATAGC	175	hopped
CACTTCAC	CGATCGAT	174	hopped
AACAGCGA	CGGTAATC	173	hopped
TCGGATTC	ATCATGCG	173	hopped
CGATCGAT	AACAGCGA	171	hopped
ATCATGCG	CACTTCAC	170	hopped
GATCTTGC	GTAGCGTA	170	hopped
CGATCGAT	ATCGTGGT	167	hopped
GATCTTGC	GTCCTAAG	167	hopped
GCTACTCT	CGGTAATC	166	hopped
CGGTAATC	GTCCTAAG	164	hopped
TCGGATTC	GTCCTAAG	164	hopped
CGGTAATC	GATCTTGC	163	hopped
CGGTAATC	TCGGATTC	162	hopped
GTAGCGTA	TCGGATTC	162	hopped
GTAGCGTA	GATCTTGC	159	hopped
TCGAGAGT	CACTTCAC	159	hopped
CACTTCAC	ATCATGCG	158	hopped
GTCCTAAG	CGGTAATC	158	hopped
ATCGTGGT	TCGGATTC	157	hopped
CGGTAATC	AACAGCGA	154	hopped
AGAGTCCA	TCGACAAG	153	hopped
TCGACAAG	AGAGTCCA	150	hopped
GATCAAGG	TCGACAAG	149	hopped
GTAGCGTA	CGGTAATC	149	hopped
CGGTAATC	GTAGCGTA	148	hopped
GCTACTCT	TCGGATTC	148	hopped
CGGTAATC	GCTACTCT	147	hopped
TCGACAAG	GATCAAGG	146	hopped
CACTTCAC	TCGGATTC	141	hopped
ATCGTGGT	GATCTTGC	137	hopped
GATCTTGC	TAGCCATG	136	hopped
GTCCTAAG	CACTTCAC	134	hopped
AACAGCGA	TCGACAAG	133	hopped
AGGATAGC	TCGACAAG	133	hopped
GATCTTGC	CGGTAATC	133	hopped
TCGGATTC	GTAGCGTA	133	hopped
CACTTCAC	GTCCTAAG	132	hopped
GATCTTGC	GCTACTCT	132	hopped
TCGGATTC	GATCAAGG	132	hopped
CACTTCAC	GTAGCGTA	131	hopped
CGATCGAT	GATCTTGC	131	hopped
TCGACAAG	TCGGATTC	127	hopped
CACTTCAC	AACAGCGA	125	hopped
CGATCGAT	CACTTCAC	124	hopped
TCGGATTC	GCTACTCT	123	hopped
CACTTCAC	GATCAAGG	122	hopped
GATCAAGG	CGGTAATC	122	hopped
GATCAAGG	TCGGATTC	120	hopped
GTAGCGTA	TCGACAAG	119	hopped
TCGGATTC	ATCGTGGT	118	hopped
CGATCGAT	TCGGATTC	117	hopped
ATCGTGGT	TCGACAAG	112	hopped
TCGGATTC	CACTTCAC	111	hopped
TCGACAAG	GTAGCGTA	110	hopped
GATCTTGC	ATCGTGGT	109	hopped
CACTTCAC	GATCTTGC	108	hopped
CGATCGAT	TCGACAAG	105	hopped
TCGACAAG	CGATCGAT	105	hopped
TCGACAAG	GCTACTCT	105	hopped
CACTTCAC	ATCGTGGT	103	hopped
GATCTTGC	CACTTCAC	102	hopped
CACTTCAC	GCTACTCT	101	hopped
GTAGCGTA	CACTTCAC	101	hopped
TCGACAAG	AACAGCGA	100	hopped
GCTACTCT	TCGACAAG	99	hopped
TCGACAAG	ATCGTGGT	98	hopped
GCTACTCT	CACTTCAC	96	hopped
GATCAAGG	CACTTCAC	95	hopped
TCGGATTC	TCGACAAG	88	hopped
CGGTAATC	TCGACAAG	85	hopped
GATCTTGC	TCGGATTC	85	hopped
ATCGTGGT	CACTTCAC	84	hopped
TCGACAAG	GATCTTGC	70	hopped
CACTTCAC	TCGACAAG	67	hopped
TCGACAAG	CGGTAATC	56	hopped
GATCTTGC	TCGACAAG	48	hopped
TCGACAAG	CACTTCAC	35	hopped
